item_number,redfin_url
0003,https://www.redfin.com/CA/Fallbrook/919-Olive-Ave-92028/home/3053314
0005,
0034,https://www.redfin.com/CA/Warner-Springs/23436-Highway-79-92086/home/3097070
0035,
0036,https://www.redfin.com/CA/Warner-Springs/29972-Chihuahua-Valley-Rd-92086/home/113491722
0043,
0045,https://www.redfin.com/CA/Valley-Center/32456-Lilac-Rd-92082/home/167195001
0051,
0054,https://www.redfin.com/CA/Borrego-Springs/1901-Trebuchet-Dr-92004/home/3162735
0055,https://www.redfin.com/CA/Borrego-Springs/2083-Trebuchet-Dr-92004/home/22789680
0057,
0060,https://www.redfin.com/CA/Carlsbad/1024-Laguna-Dr-92008/unit-12/home/3232548
0061,https://www.redfin.com/CA/Oceanside/652-Kumquat-Way-92058/home/3268698
0063,https://www.redfin.com/CA/Vista/2167-N-Santa-Fe-Ave-92084/home/40008894
0088,
0089,
0090,
0091,
0092,
0093,https://www.redfin.com/CA/Valley-Center/15627-Via-Salvador-92082/home/3621281
0098,
0099,
0100,
0101,
0106,
0108,
0111,
0115,
0118,
0120,
0125,https://www.redfin.com/CA/San-Marcos/120-N-Pacific-St-92069/unit-K1/home/3823479
0134,
0141,
0144,
0145,
0146,
0152,https://www.redfin.com/CA/Encinitas/2887-Crystal-Ridge-Rd-92024/home/4170900
0203,
0205,https://www.redfin.com/CA/Ramona/615-Elm-St-92065/home/4280290
0207,https://www.redfin.com/CA/Ramona/155-N-Kalbaugh-St-92065/home/4288509
0208,https://www.redfin.com/CA/Ramona/2111-Toca-Ln-92065/home/4295349
0210,
0212,
0213,
0214,
0215,
0216,
0217,
0218,
0219,
0222,
0223,
0224,
0227,
0230,
0240,https://www.redfin.com/CA/San-Diego/11608-Trailbrook-Ln-92128/home/6485848
0243,https://www.redfin.com/CA/Poway/13304-Tawanka-Dr-92064/home/4789630
0245,
0257,https://www.redfin.com/CA/San-Diego/4075-Rosenda-Ct-92122/unit-278/home/4890039
0258,
0263,https://www.redfin.com/CA/San-Diego/4850-Jennifer-Ct-92117/home/4955430
0265,https://www.redfin.com/CA/Santee/10225-Alphonse-St-92071/home/5008407
0275,
0276,https://www.redfin.com/CA/El-Cajon/147-Harbison-Canyon-Rd-92019/home/5095376
0289,https://www.redfin.com/CA/Mount-Laguna/8258-Morris-Ranch-Ln-91948/home/5122599
0291,https://www.redfin.com/CA/San-Diego/5380-Alta-Bahia-Ct-92109/home/5135593
0293,https://www.redfin.com/CA/San-Diego/3558-Mount-Abbey-Ave-92111/home/5153524
0294,https://www.redfin.com/CA/San-Diego/815-Tangiers-Ct-92109/home/5181566
0295,
0296,https://www.redfin.com/CA/San-Diego/4208-Napier-St-92110/home/5217585
0297,
0299,
0300,https://www.redfin.com/CA/San-Diego/4249-Loma-Riviera-Ln-92110/home/6285234
0304,
0305,
0311,https://www.redfin.com/CA/La-Mesa/5700-Baltimore-Dr-91942/unit-220/home/5447081
0312,https://www.redfin.com/CA/San-Diego/4343-N-Talmadge-Dr-92116/home/5456487
0316,https://www.redfin.com/CA/La-Mesa/4211-Summit-Dr-91941/home/5492648
0318,
0331,
0332,
0334,
0338,https://www.redfin.com/CA/Spring-Valley/3322-Ybarra-Rd-91978/home/5675116
0340,https://www.redfin.com/CA/El-Cajon/5602-Trafalgar-Rd-92019/home/21909419
0342,https://www.redfin.com/CA/El-Cajon/1702-Layne-Pl-92019/home/5713059
0344,https://www.redfin.com/CA/Jamul/18772-Lawson-Hills-Rd-91935/home/22823839
0345,
0346,
0347,
0348,
0350,https://www.redfin.com/CA/San-Diego/425-W-Beech-St-92101/unit-534/home/6640852
0353,https://www.redfin.com/CA/San-Diego/888-W-E-St-92101/unit-1506/home/113095644
0356,https://www.redfin.com/CA/San-Diego/550-Front-St-92101/unit-902/home/7536749
0357,
0358,https://www.redfin.com/CA/Coronado/1770-Avenida-del-Mundo-92118/unit-803/home/5807148
0361,https://www.redfin.com/CA/San-Diego/6855-Radio-Dr-92114/home/5852238
0363,
0364,
0368,https://www.redfin.com/CA/National-City/1804-Gamma-St-91950/home/5904672
0369,https://www.redfin.com/CA/San-Diego/4825-Magnus-Way-92113/home/5905373
0371,https://www.redfin.com/CA/National-City/2241-Melrose-St-91950/home/5909960
0372,https://www.redfin.com/CA/National-City/312-J-Ave-91950/unit-44/home/7536770
0373,https://www.redfin.com/CA/National-City/422-E-6th-St-91950/home/5915591
0388,https://www.redfin.com/CA/Spring-Valley/9669-Saint-George-St-91977/home/6001730
0391,https://www.redfin.com/CA/San-Diego/569-Flicker-St-92114/home/6009484
0392,
0395,https://www.redfin.com/CA/San-Diego/8586-Encinitas-Way-92114/home/6029999
0400,https://www.redfin.com/CA/Chula-Vista/721-Eastshore-Ter-91913/unit-54/home/6088422
0401,https://www.redfin.com/CA/Chula-Vista/1010-Baywood-Cir-91915/unit-D/home/6094563
0427,
0428,
0429,
0438,https://www.redfin.com/CA/Imperial-Beach/570-Emory-St-91932/home/6614034
0439,https://www.redfin.com/CA/San-Diego/3661-Lindbergh-St-92154/home/6151628
0440,https://www.redfin.com/CA/San-Diego/1210-Caminito-Cedro-92154/home/6448610
0450,https://www.redfin.com/CA/San-Diego/8580-Avenida-de-la-Fuente-92154/home/22767129
0452,
0456,
0457,
0458,
0459,
0460,
0461,
0462,
0466,https://www.redfin.com/CA/San-Diego/6924-Hyde-Park-Dr-92119/unit-319/home/6249351
0469,
2000,https://www.redfin.com/CA/Oceanside/904-The-Strand-N-92054/home/3167462
2001,https://www.redfin.com/CA/Oceanside/121-S-Pacific-St-92054/home/3182961
2002,https://www.redfin.com/CA/Oceanside/121-S-Pacific-St-92054/home/3182961
2003,https://www.redfin.com/CA/Oceanside/121-S-Pacific-St-92054/home/3182961
2004,https://www.redfin.com/CA/Oceanside/121-S-Pacific-St-92054/home/3182961
2005,https://www.redfin.com/CA/Oceanside/121-S-Pacific-St-92054/home/3182961
2006,https://www.redfin.com/CA/Oceanside/121-S-Pacific-St-92054/home/3182961
2007,https://www.redfin.com/CA/Oceanside/121-S-Pacific-St-92054/home/3182961
2008,https://www.redfin.com/CA/Oceanside/121-S-Pacific-St-92054/home/3182961
2009,
2010,
2011,
2012,
2013,
2015,
2016,
2018,
2019,https://www.redfin.com/CA/Escondido/8860-Lawrence-Welk-Dr-92026/home/3538215
2020,https://www.redfin.com/CA/Escondido/8860-Lawrence-Welk-Dr-92026/home/3538215
2021,https://www.redfin.com/CA/Escondido/8856-Lawrence-Welk-Dr-92026/home/3542926
2022,https://www.redfin.com/CA/Escondido/8856-Lawrence-Welk-Dr-92026/home/3542926
2023,https://www.redfin.com/CA/Escondido/8858-Lawrence-Welk-Dr-92026/home/3555787
2024,https://www.redfin.com/CA/Escondido/8858-Lawrence-Welk-Dr-92026/home/3555787
2025,https://www.redfin.com/CA/Escondido/8858-Lawrence-Welk-Dr-92026/home/3555787
2026,https://www.redfin.com/CA/Escondido/8858-Lawrence-Welk-Dr-92026/home/3555787
2027,https://www.redfin.com/CA/Escondido/8858-Lawrence-Welk-Dr-92026/home/3555787
2028,https://www.redfin.com/CA/Escondido/8858-Lawrence-Welk-Dr-92026/home/3555787
2029,https://www.redfin.com/CA/Escondido/8858-Lawrence-Welk-Dr-92026/home/3555787
2030,https://www.redfin.com/CA/Escondido/8858-Lawrence-Welk-Dr-92026/home/3555787
2031,
2032,https://www.redfin.com/CA/Escondido/28891-Brienwood-Dr-92026/home/3597960
2033,
2034,
2035,
2036,
2037,
2038,
2039,
2040,
2041,
2043,
2044,
2045,
2046,
2047,
2050,
2051,
2052,
2053,
2054,
2055,
2058,
2059,
2060,
2061,
2062,
2063,
2064,
2065,
2066,
2067,
2068,
2070,
2072,
2073,
2074,
2075,
2076,
2077,
2078,
2079,
2080,
2081,
2082,
2083,
2084,
2085,
2086,
2087,
2089,
2090,
2091,
2092,
2093,
2094,
2095,
2096,
2097,
2098,
2099,
2100,
2101,
2102,
2103,
2105,
2106,
2107,
2108,
2109,
2110,
2112,
2113,
2114,
2115,
2116,
2117,
2118,
2119,
2120,
2121,
2122,
2123,
2124,
2125,
2126,
2127,
2128,
2129,
2130,
2131,
2132,
2134,
2135,
2136,
2137,
2138,
2139,
2140,
2141,
2142,
2143,
2144,
2145,
2146,
2147,
2148,
2149,
2150,
2151,
2152,
2153,
2155,
2157,https://www.redfin.com/CA/Carlsbad/3045-Carlsbad-Blvd-92008/home/3644689
2158,
2161,https://www.redfin.com/CA/Carlsbad/3045-Carlsbad-Blvd-92008/home/3644689
2162,
2163,
2164,https://www.redfin.com/CA/Carlsbad/3200-Carlsbad-Blvd-92008/unit-201/home/3676023
2165,https://www.redfin.com/CA/Carlsbad/3200-Carlsbad-Blvd-92008/unit-206/home/3677217
2166,https://www.redfin.com/CA/Carlsbad/3200-Carlsbad-Blvd-92008/unit-213/home/3678704
2167,https://www.redfin.com/CA/Carlsbad/3200-Carlsbad-Blvd-92008/unit-213/home/3678704
2169,https://www.redfin.com/CA/Carlsbad/3200-Carlsbad-Blvd-92008/unit-333/home/3683054
2170,https://www.redfin.com/CA/Carlsbad/3200-Carlsbad-Blvd-92008/unit-339/home/3683708
2171,https://www.redfin.com/CA/Carlsbad/3200-Carlsbad-Blvd-92008/unit-348/home/3685586
2172,https://www.redfin.com/CA/Carlsbad/3200-Carlsbad-Blvd-92008/unit-349/home/3685637
2173,https://www.redfin.com/CA/Carlsbad/7210-Blue-Heron-Pl-92011/home/142971233
2174,https://www.redfin.com/CA/Carlsbad/7210-Blue-Heron-Pl-92011/home/142971233
2175,https://www.redfin.com/CA/Carlsbad/7210-Blue-Heron-Pl-92011/home/142971233
2176,https://www.redfin.com/CA/Carlsbad/7210-Blue-Heron-Pl-92011/home/142971233
2177,https://www.redfin.com/CA/Carlsbad/7210-Blue-Heron-Pl-92011/home/142971233
2178,https://www.redfin.com/CA/Carlsbad/7210-Blue-Heron-Pl-92011/home/142971233
2179,https://www.redfin.com/CA/Carlsbad/7210-Blue-Heron-Pl-92011/home/142971233
2180,https://www.redfin.com/CA/Carlsbad/7210-Blue-Heron-Pl-92011/home/142971233
2181,https://www.redfin.com/CA/Carlsbad/7210-Blue-Heron-Pl-92011/home/142971233
2182,https://www.redfin.com/CA/Carlsbad/7210-Blue-Heron-Pl-92011/home/142971233
2183,https://www.redfin.com/CA/Carlsbad/7210-Blue-Heron-Pl-92011/home/142971233
2184,https://www.redfin.com/CA/Carlsbad/7210-Blue-Heron-Pl-92011/home/142971233
2186,https://www.redfin.com/CA/Carlsbad/7210-Blue-Heron-Pl-92011/home/142971233
2187,https://www.redfin.com/CA/Carlsbad/7210-Blue-Heron-Pl-92011/home/142971233
2189,https://www.redfin.com/CA/Carlsbad/7210-Blue-Heron-Pl-92011/home/142971233
2190,https://www.redfin.com/CA/Carlsbad/7210-Blue-Heron-Pl-92011/home/142971233
2192,https://www.redfin.com/CA/Carlsbad/7210-Blue-Heron-Pl-92011/home/142971233
2193,https://www.redfin.com/CA/Carlsbad/7210-Blue-Heron-Pl-92011/home/142971233
2194,https://www.redfin.com/CA/Carlsbad/7210-Blue-Heron-Pl-92011/home/142971233
2195,https://www.redfin.com/CA/Carlsbad/7210-Blue-Heron-Pl-92011/home/142971233
2196,https://www.redfin.com/CA/Carlsbad/7210-Blue-Heron-Pl-92011/home/142971233
2197,https://www.redfin.com/CA/Carlsbad/7210-Blue-Heron-Pl-92011/home/142971233
2198,https://www.redfin.com/CA/Carlsbad/7210-Blue-Heron-Pl-92011/home/142971233
2199,https://www.redfin.com/CA/Carlsbad/7210-Blue-Heron-Pl-92011/home/142971233
2200,https://www.redfin.com/CA/Carlsbad/7210-Blue-Heron-Pl-92011/home/142971233
2201,https://www.redfin.com/CA/Carlsbad/7210-Blue-Heron-Pl-92011/home/142971233
2202,https://www.redfin.com/CA/Carlsbad/7210-Blue-Heron-Pl-92011/home/142971233
2205,https://www.redfin.com/CA/Ramona/15507-Davis-Cup-Ln-92065/home/4318787
2206,https://www.redfin.com/CA/Ramona/15501-Davis-Cup-Ln-92065/home/4318900
2207,https://www.redfin.com/CA/Ramona/15511-Davis-Cup-Ln-92065/home/4318944
2208,https://www.redfin.com/CA/Ramona/15515-Davis-Cup-Ln-92065/home/4319955
2209,https://www.redfin.com/CA/Ramona/15515-Davis-Cup-Ln-92065/home/4319955
2210,https://www.redfin.com/CA/Ramona/15509-Davis-Cup-Ln-92065/home/4320040
2211,https://www.redfin.com/CA/Ramona/15509-Davis-Cup-Ln-92065/home/4320040
2212,https://www.redfin.com/CA/Ramona/15519-Davis-Cup-Ln-92065/home/4320090
2214,https://www.redfin.com/CA/Ramona/15523-Davis-Cup-Ln-92065/home/4320137
2215,https://www.redfin.com/CA/Ramona/15517-Davis-Cup-Ln-92065/home/4320191
2216,https://www.redfin.com/CA/Ramona/15527-Davis-Cup-Ln-92065/home/4320216
2217,https://www.redfin.com/CA/Ramona/15531-Davis-Cup-Ln-92065/home/4320240
2218,https://www.redfin.com/CA/Ramona/15531-Davis-Cup-Ln-92065/home/4320240
2219,https://www.redfin.com/CA/Ramona/15529-Davis-Cup-Ln-92065/home/4320264
2220,https://www.redfin.com/CA/Ramona/15526-Davis-Cup-Ln-92065/home/4320289
2221,https://www.redfin.com/CA/Ramona/15526-Davis-Cup-Ln-92065/home/4320289
2222,https://www.redfin.com/CA/Ramona/15535-Davis-Cup-Ln-92065/home/4320314
2223,https://www.redfin.com/CA/Ramona/15533-Davis-Cup-Ln-92065/home/4320388
2224,https://www.redfin.com/CA/Ramona/15551-Davis-Cup-Ln-92065/home/4320511
2225,https://www.redfin.com/CA/Ramona/15551-Davis-Cup-Ln-92065/home/4320511
2226,https://www.redfin.com/CA/Ramona/15549-Davis-Cup-Ln-92065/home/4321051
2227,https://www.redfin.com/CA/Ramona/15601-Davis-Cup-Ln-92065/home/4321250
2229,https://www.redfin.com/CA/Ramona/15613-Davis-Cup-Ln-92065/home/4321325
2231,https://www.redfin.com/CA/Ramona/15619-Davis-Cup-Ln-92065/home/4321374
2232,https://www.redfin.com/CA/Ramona/15621-Davis-Cup-Ln-92065/home/4321424
2233,https://www.redfin.com/CA/Ramona/15625-Davis-Cup-Ln-92065/home/4321936
2234,https://www.redfin.com/CA/Ramona/15639-Davis-Cup-Ln-92065/home/4322024
2235,https://www.redfin.com/CA/Ramona/15643-Davis-Cup-Ln-92065/home/4322187
2236,https://www.redfin.com/CA/Ramona/15641-Davis-Cup-Ln-92065/home/4322313
2237,https://www.redfin.com/CA/Ramona/15653-Davis-Cup-Ln-92065/home/4322490
2238,https://www.redfin.com/CA/Ramona/15659-Davis-Cup-Ln-92065/home/4322617
2240,https://www.redfin.com/CA/Ramona/25382-Pappas-Rd-92065/unit-41/home/4325940
2241,https://www.redfin.com/CA/Ramona/25382-Pappas-Rd-92065/unit-51/home/4326123
2242,https://www.redfin.com/CA/Ramona/25382-Pappas-Rd-92065/unit-63/home/4326181
2243,https://www.redfin.com/CA/Ramona/25382-Pappas-Rd-92065/unit-71/home/4326270
2244,https://www.redfin.com/CA/Ramona/25382-Pappas-Rd-92065/unit-106/home/4324302
2245,https://www.redfin.com/CA/Ramona/25382-Pappas-Rd-92065/unit-108/home/4328646
2246,https://www.redfin.com/CA/Ramona/25382-Pappas-Rd-92065/unit-22/home/4325216
2247,https://www.redfin.com/CA/Ramona/25382-Pappas-Rd-92065/unit-47/home/4330734
2248,https://www.redfin.com/CA/Ramona/25382-Pappas-Rd-92065/unit-48/home/4331137
2249,https://www.redfin.com/CA/Ramona/25382-Pappas-Rd-92065/unit-62/home/4326213
2250,https://www.redfin.com/CA/Ramona/25382-Pappas-Rd-92065/unit-64/home/4326220
2251,https://www.redfin.com/CA/Ramona/25382-Pappas-Rd-92065/unit-102/home/4324254
2252,
2254,https://www.redfin.com/CA/Ramona/25382-Pappas-Rd-92065/unit-33/home/4329753
2255,https://www.redfin.com/CA/Ramona/25382-Pappas-Rd-92065/unit-31/home/4329803
2256,https://www.redfin.com/CA/Ramona/25382-Pappas-Rd-92065/unit-38/home/4325333
2257,https://www.redfin.com/CA/Ramona/25382-Pappas-Rd-92065/unit-34/home/4330102
2259,https://www.redfin.com/CA/Ramona/25382-Pappas-Rd-92065/unit-48/home/4331137
2260,https://www.redfin.com/CA/Ramona/25382-Pappas-Rd-92065/unit-55/home/4326092
2261,https://www.redfin.com/CA/Ramona/25382-Pappas-Rd-92065/unit-52/home/4326158
2263,
2264,
2265,https://www.redfin.com/CA/Solana-Beach/535-S-Highway-101-92075/home/4369015
2266,https://www.redfin.com/CA/Solana-Beach/535-S-Highway-101-92075/home/4369015
2267,https://www.redfin.com/CA/Solana-Beach/535-S-Highway-101-92075/home/4369015
2268,https://www.redfin.com/CA/Solana-Beach/535-S-Highway-101-92075/home/4369015
2269,https://www.redfin.com/CA/Solana-Beach/535-S-Highway-101-92075/home/4369015
2270,https://www.redfin.com/CA/Solana-Beach/535-S-Highway-101-92075/home/4369015
2271,https://www.redfin.com/CA/Solana-Beach/535-S-Highway-101-92075/home/4369015
2272,https://www.redfin.com/CA/Solana-Beach/535-S-Highway-101-92075/home/4369015
2273,https://www.redfin.com/CA/Solana-Beach/535-S-Highway-101-92075/home/4369015
2274,https://www.redfin.com/CA/Solana-Beach/535-S-Highway-101-92075/home/4369015
2275,https://www.redfin.com/CA/Solana-Beach/535-S-Highway-101-92075/home/4369015
2276,https://www.redfin.com/CA/Solana-Beach/535-S-Highway-101-92075/home/4369015
2277,https://www.redfin.com/CA/Solana-Beach/535-S-Highway-101-92075/home/4369015
2278,https://www.redfin.com/CA/Solana-Beach/535-S-Highway-101-92075/home/4369015
2279,https://www.redfin.com/CA/Solana-Beach/535-S-Highway-101-92075/home/4369015
2280,https://www.redfin.com/CA/Solana-Beach/535-S-Highway-101-92075/home/4369015
2281,https://www.redfin.com/CA/Solana-Beach/535-S-Highway-101-92075/home/4369015
2282,https://www.redfin.com/CA/Solana-Beach/535-S-Highway-101-92075/home/4369015
2283,https://www.redfin.com/CA/Solana-Beach/535-S-Highway-101-92075/home/4369015
2284,https://www.redfin.com/CA/Solana-Beach/535-S-Highway-101-92075/home/4369015
2285,https://www.redfin.com/CA/Solana-Beach/535-S-Highway-101-92075/home/4369015
2286,https://www.redfin.com/CA/Solana-Beach/535-S-Highway-101-92075/home/4369015
2287,https://www.redfin.com/CA/Solana-Beach/535-S-Highway-101-92075/home/4369015
2288,https://www.redfin.com/CA/Solana-Beach/535-S-Highway-101-92075/home/4369015
2289,https://www.redfin.com/CA/Solana-Beach/535-S-Highway-101-92075/home/4369015
2290,https://www.redfin.com/CA/Solana-Beach/535-S-Highway-101-92075/home/4369015
2291,https://www.redfin.com/CA/Solana-Beach/535-S-Highway-101-92075/home/4369015
2292,https://www.redfin.com/CA/Solana-Beach/535-S-Highway-101-92075/home/4369015
2293,https://www.redfin.com/CA/Solana-Beach/535-S-Highway-101-92075/home/4369015
2294,https://www.redfin.com/CA/Solana-Beach/535-S-Highway-101-92075/home/4369015
2295,https://www.redfin.com/CA/Solana-Beach/535-S-Highway-101-92075/home/4369015
2296,https://www.redfin.com/CA/Solana-Beach/535-S-Highway-101-92075/home/4369015
2297,https://www.redfin.com/CA/Solana-Beach/535-S-Highway-101-92075/home/4369015
2298,https://www.redfin.com/CA/Solana-Beach/535-S-Highway-101-92075/home/4369015
2299,https://www.redfin.com/CA/Solana-Beach/535-S-Highway-101-92075/home/4369015
2300,https://www.redfin.com/CA/Solana-Beach/535-S-Highway-101-92075/home/4369015
2301,https://www.redfin.com/CA/Solana-Beach/535-S-Highway-101-92075/home/4369015
2302,https://www.redfin.com/CA/Solana-Beach/535-S-Highway-101-92075/home/4369015
2303,https://www.redfin.com/CA/Solana-Beach/535-S-Highway-101-92075/home/4369015
2304,https://www.redfin.com/CA/Solana-Beach/535-S-Highway-101-92075/home/4369015
2305,https://www.redfin.com/CA/Solana-Beach/535-S-Highway-101-92075/home/4369015
2306,https://www.redfin.com/CA/Solana-Beach/535-S-Highway-101-92075/home/4369015
2307,https://www.redfin.com/CA/Solana-Beach/535-S-Highway-101-92075/home/4369015
2308,https://www.redfin.com/CA/Solana-Beach/535-S-Highway-101-92075/home/4369015
2309,https://www.redfin.com/CA/Solana-Beach/550-Via-De-La-Valle-92075/unit-108/home/4371373
2310,https://www.redfin.com/CA/Solana-Beach/550-Via-De-La-Valle-92075/unit-108/home/4371373
2311,https://www.redfin.com/CA/Solana-Beach/550-Via-De-La-Valle-92075/unit-109/home/4371446
2313,https://www.redfin.com/CA/Solana-Beach/550-Via-De-La-Valle-92075/unit-111A/home/4372900
2314,https://www.redfin.com/CA/Solana-Beach/550-Via-De-La-Valle-92075/unit-111A/home/4372900
2315,https://www.redfin.com/CA/Solana-Beach/550-Via-De-La-Valle-92075/unit-112C/home/4373062
2316,https://www.redfin.com/CA/Solana-Beach/550-Via-De-La-Valle-92075/unit-112C/home/4373062
2317,https://www.redfin.com/CA/Solana-Beach/550-Via-De-La-Valle-92075/unit-112C/home/4373062
2319,https://www.redfin.com/CA/Solana-Beach/550-Via-De-La-Valle-92075/unit-126E/home/4375658
2320,https://www.redfin.com/CA/Solana-Beach/550-Via-De-La-Valle-92075/unit-126E/home/4375658
2321,https://www.redfin.com/CA/Solana-Beach/550-Via-De-La-Valle-92075/unit-126E/home/4375658
2322,https://www.redfin.com/CA/Solana-Beach/550-Via-De-La-Valle-92075/unit-128/home/4375797
2323,https://www.redfin.com/CA/Solana-Beach/550-Via-De-La-Valle-92075/unit-129/home/4376007
2324,https://www.redfin.com/CA/Solana-Beach/550-Via-De-La-Valle-92075/unit-129/home/4376007
2325,https://www.redfin.com/CA/Solana-Beach/550-Via-De-La-Valle-92075/unit-130/home/4376275
2326,https://www.redfin.com/CA/Solana-Beach/550-Via-De-La-Valle-92075/unit-130/home/4376275
2328,https://www.redfin.com/CA/Solana-Beach/550-Via-De-La-Valle-92075/unit-142/home/4377908
2329,https://www.redfin.com/CA/Solana-Beach/550-Via-De-La-Valle-92075/unit-143/home/4378049
2330,https://www.redfin.com/CA/Solana-Beach/550-Via-De-La-Valle-92075/unit-145/home/4378240
2331,https://www.redfin.com/CA/Solana-Beach/550-Via-De-La-Valle-92075/unit-148A/home/4378407
2332,https://www.redfin.com/CA/Solana-Beach/550-Via-De-La-Valle-92075/unit-148A/home/4378407
2333,https://www.redfin.com/CA/Solana-Beach/550-Via-De-La-Valle-92075/unit-150/home/4378514
2334,https://www.redfin.com/CA/Solana-Beach/550-Via-De-La-Valle-92075/unit-151/home/4378566
2335,https://www.redfin.com/CA/Solana-Beach/550-Via-De-La-Valle-92075/unit-151/home/4378566
2336,https://www.redfin.com/CA/Solana-Beach/550-Via-De-La-Valle-92075/unit-152D/home/4380022
2337,https://www.redfin.com/CA/Solana-Beach/550-Via-De-La-Valle-92075/unit-152D/home/4380022
2338,https://www.redfin.com/CA/Solana-Beach/550-Via-De-La-Valle-92075/unit-153/home/4380060
2339,
2341,https://www.redfin.com/CA/Solana-Beach/550-Via-De-La-Valle-92075/unit-A43/home/58444749
2342,https://www.redfin.com/CA/Solana-Beach/550-Via-De-La-Valle-92075/unit-A43/home/58444749
2343,https://www.redfin.com/CA/Solana-Beach/550-Via-De-La-Valle-92075/unit-A43/home/58444749
2344,
2345,
2346,
2347,
2348,
2349,
2350,
2351,https://www.redfin.com/CA/Solana-Beach/550-Via-De-La-Valle-92075/unit-200/home/4382629
2352,
2353,https://www.redfin.com/CA/Solana-Beach/550-Via-De-La-Valle-92075/unit-202/home/4382871
2354,https://www.redfin.com/CA/Solana-Beach/550-Via-De-La-Valle-92075/unit-204A/home/4383030
2355,https://www.redfin.com/CA/Solana-Beach/550-Via-De-La-Valle-92075/unit-204A/home/4383030
2356,https://www.redfin.com/CA/Solana-Beach/550-Via-De-La-Valle-92075/unit-208/home/4384506
2357,https://www.redfin.com/CA/Solana-Beach/550-Via-De-La-Valle-92075/unit-210A/home/4384646
2358,https://www.redfin.com/CA/Solana-Beach/550-Via-De-La-Valle-92075/unit-215/home/4385593
2359,https://www.redfin.com/CA/Solana-Beach/550-Via-De-La-Valle-92075/unit-215/home/4385593
2360,https://www.redfin.com/CA/Solana-Beach/550-Via-De-La-Valle-92075/unit-215/home/4385593
2361,https://www.redfin.com/CA/Solana-Beach/550-Via-De-La-Valle-92075/unit-221/home/4387263
2362,https://www.redfin.com/CA/Solana-Beach/550-Via-De-La-Valle-92075/unit-221/home/4387263
2363,https://www.redfin.com/CA/Solana-Beach/550-Via-De-La-Valle-92075/unit-222/home/4387320
2364,https://www.redfin.com/CA/Solana-Beach/550-Via-De-La-Valle-92075/unit-228/home/4387713
2365,https://www.redfin.com/CA/Solana-Beach/550-Via-De-La-Valle-92075/unit-228/home/4387713
2366,https://www.redfin.com/CA/Solana-Beach/550-Via-De-La-Valle-92075/unit-229/home/4387788
2367,https://www.redfin.com/CA/Solana-Beach/550-Via-De-La-Valle-92075/unit-230/home/4387931
2368,https://www.redfin.com/CA/Solana-Beach/550-Via-De-La-Valle-92075/unit-230/home/4387931
2369,https://www.redfin.com/CA/Solana-Beach/550-Via-De-La-Valle-92075/unit-232/home/4388093
2370,https://www.redfin.com/CA/Solana-Beach/550-Via-De-La-Valle-92075/unit-240/home/4389539
2371,https://www.redfin.com/CA/Solana-Beach/550-Via-De-La-Valle-92075/unit-240/home/4389539
2372,https://www.redfin.com/CA/Solana-Beach/550-Via-De-La-Valle-92075/unit-A243/home/4389913
2373,https://www.redfin.com/CA/Solana-Beach/550-Via-De-La-Valle-92075/unit-A243/home/4389913
2375,https://www.redfin.com/CA/Solana-Beach/550-Via-De-La-Valle-92075/unit-A249/home/4390270
2376,https://www.redfin.com/CA/Solana-Beach/550-Via-De-La-Valle-92075/unit-C250/home/58212089
2377,https://www.redfin.com/CA/Solana-Beach/550-Via-De-La-Valle-92075/unit-C250/home/58212089
2378,https://www.redfin.com/CA/Solana-Beach/550-Via-De-La-Valle-92075/unit-C250/home/58212089
2379,https://www.redfin.com/CA/Solana-Beach/550-Via-De-La-Valle-92075/unit-A251/home/4390491
2380,https://www.redfin.com/CA/Solana-Beach/550-Via-De-La-Valle-92075/unit-A252/home/4390549
2381,https://www.redfin.com/CA/Solana-Beach/550-Via-De-La-Valle-92075/unit-A253/home/4392025
2382,https://www.redfin.com/CA/Solana-Beach/550-Via-De-La-Valle-92075/unit-A253/home/4392025
2383,https://www.redfin.com/CA/Solana-Beach/550-Via-De-La-Valle-92075/unit-A253/home/4392025
2385,
2386,https://www.redfin.com/CA/Solana-Beach/550-Via-De-La-Valle-92075/unit-A92/home/58549514
2388,https://www.redfin.com/CA/Solana-Beach/550-Via-De-La-Valle-92075/unit-A93/home/58445818
2389,
2390,
2391,
2392,
2393,https://www.redfin.com/CA/Del-Mar/1420-Ocean-Ave-92014/home/4408066
2394,https://www.redfin.com/CA/Del-Mar/1420-Ocean-Ave-92014/home/4408066
2396,https://www.redfin.com/CA/Del-Mar/1420-Ocean-Ave-92014/home/4408066
2397,https://www.redfin.com/CA/Del-Mar/1420-Ocean-Ave-92014/home/4408066
2398,https://www.redfin.com/CA/Del-Mar/1420-Ocean-Ave-92014/home/4408066
2399,https://www.redfin.com/CA/Del-Mar/1570-Camino-Del-Mar-92014/unit-604A/home/4416204
2400,https://www.redfin.com/CA/Del-Mar/1570-Camino-Del-Mar-92014/unit-608B/home/4418747
2401,https://www.redfin.com/CA/La-Jolla/321-Coast-Blvd-92037/home/4363805
2402,https://www.redfin.com/CA/La-Jolla/321-Coast-Blvd-92037/home/4363805
2403,https://www.redfin.com/CA/La-Jolla/321-Coast-Blvd-92037/home/4363805
2404,https://www.redfin.com/CA/La-Jolla/321-Coast-Blvd-92037/home/4363805
2405,https://www.redfin.com/CA/La-Jolla/321-Coast-Blvd-92037/home/4363805
2406,https://www.redfin.com/CA/La-Jolla/321-Coast-Blvd-92037/home/4363805
2407,https://www.redfin.com/CA/San-Diego/4767-Ocean-Blvd-92109/unit-107/home/5131473
2408,
2409,
2410,
2411,
2412,
2413,
2414,
2415,
2416,
2417,
2418,
2419,
2420,
2421,
2422,
2423,
2424,
2425,
2426,
2427,
2428,
2429,
2430,
2431,
2432,
2433,
2434,
2435,
2436,
2437,
2438,
2439,
2440,
2441,
2442,
2443,
2444,
2445,
2446,
2447,
2448,
2449,
2450,
2451,
2452,
2453,
2454,
2455,
2456,https://www.redfin.com/CA/San-Diego/500-E-St-92101/home/5756946
2457,
2458,
2459,
2460,
2461,
2462,
2463,
2464,
2465,
2466,
2467,
2468,
2470,
2471,
2472,
2473,
2474,
2475,
2476,
2477,
2478,
2479,
2480,
2481,
2482,
2483,
2484,
2485,
2486,
2487,
2488,
2489,
2490,
2491,
2492,
2493,
2494,
2495,
2496,
2497,
2498,
2499,
2500,
2502,
2503,
2504,
2505,
2506,
2507,
2508,
2509,
2510,
2511,
2512,
2513,
2514,
2515,
2516,
2517,
2518,
2519,
2520,
2521,
2522,
2523,
2524,
2525,
2526,
2527,
2528,
2529,
2530,
2531,
2532,
2533,
2534,
2535,
2536,
2537,
2538,
2539,
2540,
2541,
2543,
2544,
2545,
2547,
2548,
2549,
2550,
2551,
2552,
2553,
2554,
2555,
2557,
2559,
2560,
2561,
2562,
2563,
2564,
2565,
2567,
2568,
2569,
2570,
2571,
2572,
2573,
2574,
2575,
2576,
2577,
2578,
2579,
2580,
2581,
2582,
2583,
2584,
2585,
2586,
2587,
2588,
2589,
2590,
2591,
2592,
